{
  "resourceType" : "ValueSet",
  "id" : "731e2483-00a3-4098-aa56-f838fdaa030b-111",
  "url" : "http://hl7.org/fhir/comparison/ValueSet/731e2483-00a3-4098-aa56-f838fdaa030b-111",
  "name" : "IntersectionUdsPlusBirthSexCodesAndUdsPlusBirthSexCodes",
  "title" : "Intersection of Uds Plus Birth Sex Codes And Uds Plus Birth Sex Codes",
  "status" : "active",
  "date" : "2024-04-18T11:54:36+00:00",
  "jurisdiction" : [{
    "coding" : [{
      "system" : "http://unstats.un.org/unsd/methods/m49/m49.htm",
      "code" : "001"
    }]
  }],
  "compose" : {
    "include" : [{
      "concept" : [{
        "code" : "F",
        "display" : "Female"
      },
      {
        "code" : "M",
        "display" : "Male"
      }]
    }]
  },
  "expansion" : {
    "contains" : [{
      "system" : "http://terminology.hl7.org/CodeSystem/v3-AdministrativeGender",
      "code" : "F",
      "display" : "Female"
    },
    {
      "system" : "http://terminology.hl7.org/CodeSystem/v3-AdministrativeGender",
      "code" : "M",
      "display" : "Male"
    }]
  }
}