{
  "resourceType" : "ValueSet",
  "id" : "731e2483-00a3-4098-aa56-f838fdaa030b-125",
  "url" : "http://hl7.org/fhir/comparison/ValueSet/731e2483-00a3-4098-aa56-f838fdaa030b-125",
  "name" : "UnionUdsPlusAgricultureWorkerStatusCodesAndUdsPlusAgricultureWorkerStatusCodes",
  "title" : "Union of Uds Plus Agriculture Worker Status Codes And Uds Plus Agriculture Worker Status Codes",
  "status" : "draft",
  "date" : "2024-04-18T11:54:36+00:00",
  "jurisdiction" : [{
    "coding" : [{
      "system" : "http://unstats.un.org/unsd/methods/m49/m49.htm",
      "code" : "001"
    }]
  }],
  "expansion" : {
    "contains" : [{
      "system" : "http://fhir.org/guides/hrsa/uds-plus/CodeSystem/udsplus-agriculture-worker-status-codes",
      "code" : "migratory",
      "display" : "Migratory Agriculture Worker"
    },
    {
      "system" : "http://fhir.org/guides/hrsa/uds-plus/CodeSystem/udsplus-agriculture-worker-status-codes",
      "code" : "seasonal",
      "display" : "Seasonal Agriculture Worker"
    }]
  }
}