{
  "resourceType" : "ValueSet",
  "id" : "731e2483-00a3-4098-aa56-f838fdaa030b-113",
  "url" : "http://hl7.org/fhir/comparison/ValueSet/731e2483-00a3-4098-aa56-f838fdaa030b-113",
  "name" : "UnionUdsPlusGenderIdentityCodesAndUdsPlusGenderIdentityCodes",
  "title" : "Union of Uds Plus Gender Identity Codes And Uds Plus Gender Identity Codes",
  "status" : "active",
  "date" : "2024-04-18T11:54:36+00:00",
  "jurisdiction" : [{
    "coding" : [{
      "system" : "http://unstats.un.org/unsd/methods/m49/m49.htm",
      "code" : "001"
    }]
  }],
  "compose" : {
    "include" : [{
      "valueSet" : ["http://cts.nlm.nih.gov/fhir/ValueSet/2.16.840.1.113762.1.4.1021.32"]
    },
    {
      "concept" : [{
        "code" : "NASK",
        "display" : "Not Asked"
      }]
    }]
  },
  "expansion" : {
    "contains" : [{
      "system" : "http://terminology.hl7.org/CodeSystem/v3-NullFlavor",
      "code" : "ASKU",
      "display" : "asked but unknown"
    },
    {
      "system" : "http://terminology.hl7.org/CodeSystem/v3-NullFlavor",
      "code" : "OTH",
      "display" : "other"
    },
    {
      "system" : "http://snomed.info/sct",
      "code" : "407376001",
      "display" : "Male-to-female transsexual (finding)"
    },
    {
      "system" : "http://snomed.info/sct",
      "code" : "407377005",
      "display" : "Female-to-male transsexual (finding)"
    },
    {
      "system" : "http://snomed.info/sct",
      "code" : "446131000124102",
      "display" : "Identifies as non-conforming gender (finding)"
    },
    {
      "system" : "http://snomed.info/sct",
      "code" : "446141000124107",
      "display" : "Identifies as female gender (finding)"
    },
    {
      "system" : "http://snomed.info/sct",
      "code" : "446151000124109",
      "display" : "Identifies as male gender (finding)"
    },
    {
      "system" : "http://terminology.hl7.org/CodeSystem/v3-NullFlavor",
      "code" : "NASK",
      "display" : "Not Asked"
    }]
  }
}