<?xml version="1.0" encoding="UTF-8"?>

<Observation xmlns="http://hl7.org/fhir">
  <id value="de-identified-sexual-orientation-example"/>
  <meta>
    <profile value="http://fhir.org/guides/hrsa/uds-plus/StructureDefinition/uds-plus-sexual-orientation-observation"/>
  </meta>
  <status value="final"/>
  <code>
    <coding>
      <system value="http://loinc.org"/>
      <code value="76690-7"/>
    </coding>
  </code>
  <subject>
    <reference value="Patient/example"/>
  </subject>
  <effectiveDateTime value="2007"/>
  <valueCodeableConcept>
    <coding>
      <system value="http://terminology.hl7.org/CodeSystem/v3-NullFlavor"/>
      <code value="NASK"/>
      <display value="not asked"/>
    </coding>
  </valueCodeableConcept>
</Observation>