<?xml version="1.0" encoding="UTF-8"?>

<RelatedPerson xmlns="http://hl7.org/fhir">
  <id value="de-identified-example"/>
  <meta>
    <profile value="http://fhir.org/guides/hrsa/uds-plus/StructureDefinition/de-identified-uds-plus-relatedperson"/>
  </meta>
  <patient>
    <reference value="Patient/de-identified-example"/>
  </patient>
  <relationship>
    <coding>
      <system value="http://terminology.hl7.org/CodeSystem/v3-RoleCode"/>
      <code value="FAMMEMB"/>
      <display value="family member"/>
    </coding>
  </relationship>
</RelatedPerson>