{"resourceType":"ValueSet","id":"uds-plus-service-delivery-codes","meta":{"versionId":"1","lastUpdated":"2022-08-04T15:52:33.158+00:00","source":"#3Te0anOrvocKgcow","profile":["http://hl7.org/fhir/StructureDefinition/shareablevalueset"]},"text":{"status":"extensions","div":"<div xmlns=\"http://www.w3.org/1999/xhtml\"><p>This value set includes codes based on the following rules:</p><ul><li>Include all codes defined in <code>http://terminology.hl7.org/ValueSet/v3-ServiceDeliveryLocationRoleType</code></li><li>Include these codes as defined in <a href=\"CodeSystem-udsplus-service-delivery-codes.html\"><code>http://fhir.org/guides/hrsa/uds-plus/CodeSystem/udsplus-service-delivery-codes</code></a><table class=\"none\"><tr><td style=\"white-space:nowrap\"><b>Code</b></td><td><b>Display</b></td><td><b>Definition</b></td></tr><tr><td><a href=\"CodeSystem-udsplus-service-delivery-codes.html#udsplus-service-delivery-codes-public-housing\">public-housing</a></td><td>Care was delivered in a Location that is considered public housing</td><td>Care was delivered in a Location that is considered public housing</td></tr></table></li></ul></div>"},"extension":[{"url":"http://hl7.org/fhir/StructureDefinition/structuredefinition-fmm","valueInteger":2,"_valueInteger":{"extension":[{"url":"http://hl7.org/fhir/StructureDefinition/structuredefinition-conformance-derivedFrom","valueCanonical":"http://fhir.org/guides/hrsa/uds-plus/ImplementationGuide/fhir.hrsa.uds-plus"}]}},{"url":"http://hl7.org/fhir/StructureDefinition/structuredefinition-standards-status","valueCode":"trial-use","_valueCode":{"extension":[{"url":"http://hl7.org/fhir/StructureDefinition/structuredefinition-conformance-derivedFrom","valueCanonical":"http://fhir.org/guides/hrsa/uds-plus/ImplementationGuide/fhir.hrsa.uds-plus"}]}}],"url":"http://fhir.org/guides/hrsa/uds-plus/ValueSet/uds-plus-service-delivery-codes","version":"1.0.2","name":"UdsPlusServiceDeliveryCodes","title":"Uds Plus Service Delivery Codes","status":"active","experimental":false,"date":"2023-08-25","publisher":"HRSA BPHC","contact":[{"telecom":[{"system":"url","value":"https://bphc.hrsa.gov/"}]}],"description":"The UDS Plus CodeSystem is an 'addition set' of one code to the existing Location Service Delivery Codes value set for UDS+ purposes.","jurisdiction":[{"coding":[{"system":"http://unstats.un.org/unsd/methods/m49/m49.htm","code":"001"}]}],"compose":{"include":[{"system":"http://terminology.hl7.org/ValueSet/v3-ServiceDeliveryLocationRoleType"},{"system":"http://fhir.org/guides/hrsa/uds-plus/CodeSystem/udsplus-service-delivery-codes","concept":[{"code":"public-housing","display":"Care was delivered in a Location that is considered public housing"}]}]}}