{
  "resourceType" : "Immunization",
  "id" : "de-identified-example",
  "meta" : {
    "profile" : ["http://fhir.org/guides/hrsa/uds-plus/StructureDefinition/uds-plus-immunization"]
  },
  "status" : "completed",
  "statusReason" : {
    "coding" : [{
      "system" : "http://terminology.hl7.org/CodeSystem/condition-category",
      "code" : "encounter-diagnosis",
      "display" : "Encounter Diagnosis"
    }]
  },
  "vaccineCode" : {
    "coding" : [{
      "system" : "http://hl7.org/fhir/sid/cvx",
      "code" : "197",
      "display" : "influenza, high-dose, quadrivalent"
    }]
  },
  "patient" : {
    "reference" : "Patient/de-identified-example"
  },
  "occurrenceDateTime" : "2023",
  "recorded" : "2023",
  "primarySource" : true
}