{
  "resourceType" : "Observation",
  "id" : "de-identified-income-with-quantity-example",
  "meta" : {
    "profile" : ["http://fhir.org/guides/hrsa/uds-plus/StructureDefinition/de-identified-uds-plus-income-observation"]
  },
  "text" : {
    "status" : "generated",
    "div" : "<div xmlns=\"http://www.w3.org/1999/xhtml\"><p><b>Generated Narrative: Observation</b><a name=\"de-identified-income-with-quantity-example\"> </a></p><div style=\"display: inline-block; background-color: #d9e0e7; padding: 6px; margin: 4px; border: 1px solid #8da1b4; border-radius: 5px; line-height: 60%\"><p style=\"margin-bottom: 0px\">Resource Observation &quot;de-identified-income-with-quantity-example&quot; </p><p style=\"margin-bottom: 0px\">Profile: <a href=\"StructureDefinition-de-identified-uds-plus-income-observation.html\">De-Identified UDS Plus Income</a></p></div><p><b>status</b>: final</p><p><b>code</b>: Annual family income proto <span style=\"background: LightGoldenRodYellow; margin: 4px; border: 1px solid khaki\"> (<a href=\"https://loinc.org/\">LOINC</a>#63058-2)</span></p><p><b>subject</b>: <a href=\"Patient-de-identified-example.html\">Patient/de-identified-example</a></p><p><b>effective</b>: 2018</p><p><b>value</b>: &gt;200 percent<span style=\"background: LightGoldenRodYellow\"> (Details: UCUM code % = '%')</span></p></div>"
  },
  "status" : "final",
  "code" : {
    "coding" : [{
      "system" : "http://loinc.org",
      "code" : "63058-2"
    }]
  },
  "subject" : {
    "reference" : "Patient/de-identified-example"
  },
  "effectiveDateTime" : "2018",
  "valueQuantity" : {
    "value" : 200,
    "comparator" : ">",
    "unit" : "percent",
    "system" : "http://unitsofmeasure.org",
    "code" : "%"
  }
}