[
  {
    "id": "uds-plus-data-receiver-server",
    "type": "CapabilityStatement",
    "url": "http://hl7.org/fhir/us/uds-plus/CapabilityStatement/uds-plus-data-receiver-server",
    "version": "0.1.0",
    "name": "UdsPlusDataReceiverServer"
  },
  {
    "id": "uds-plus-data-source",
    "type": "CapabilityStatement",
    "url": "http://hl7.org/fhir/us/uds-plus/CapabilityStatement/uds-plus-data-source",
    "version": "0.1.0",
    "name": "UdsPlusDataSource"
  },
  {
    "id": "uds-plus-data-submitter-client",
    "type": "CapabilityStatement",
    "url": "http://hl7.org/fhir/us/uds-plus/CapabilityStatement/uds-plus-data-submitter-client",
    "version": "0.1.0",
    "name": "UdsPlusDataSubmitter"
  },
  {
    "id": "import",
    "type": "OperationDefinition",
    "url": "http://hl7.org/fhir/us/uds-plus/OperationDefinition/import",
    "version": "0.1.0",
    "name": "UdsPlusImport"
  },
  {
    "id": "uds-plus-coverage",
    "type": "StructureDefinition",
    "url": "http://hl7.org/fhir/us/uds-plus/StructureDefinition/uds-plus-coverage",
    "version": "0.1.0",
    "name": "UDSPlusCoverage"
  },
  {
    "id": "uds-plus-diagnosis",
    "type": "StructureDefinition",
    "url": "http://hl7.org/fhir/us/uds-plus/StructureDefinition/uds-plus-diagnosis",
    "version": "0.1.0",
    "name": "UDSPlusDiagnosis"
  },
  {
    "id": "uds-plus-import-manifest",
    "type": "StructureDefinition",
    "url": "http://hl7.org/fhir/us/uds-plus/StructureDefinition/uds-plus-import-manifest",
    "version": "0.1.0",
    "name": "UDSPlusImportManifest"
  },
  {
    "id": "uds-plus-patient",
    "type": "StructureDefinition",
    "url": "http://hl7.org/fhir/us/uds-plus/StructureDefinition/uds-plus-patient",
    "version": "0.1.0",
    "name": "UDSPlusPatient"
  },
  {
    "id": "udsplus",
    "type": "ImplementationGuide",
    "url": "http://hrsa.gov/fhir/us/udsplus/ImplementationGuide/udsplus",
    "version": "0.1.0",
    "name": "UdsPlusFhirIg"
  }
]