[
  {
    "id": "notify",
    "type": "OperationDefinition",
    "url": "http://hl7.org/fhir/us/uds-plus/OperationDefinition/notify",
    "version": "0.1.0",
    "name": "UdsPlusNotify"
  },
  {
    "id": "uds-plus-coverage",
    "type": "StructureDefinition",
    "url": "http://hl7.org/fhir/us/uds-plus/StructureDefinition/uds-plus-coverage",
    "version": "0.1.0",
    "name": "UDSPlusCoverage"
  },
  {
    "id": "uds-plus-diagnosis",
    "type": "StructureDefinition",
    "url": "http://hl7.org/fhir/us/uds-plus/StructureDefinition/uds-plus-diagnosis",
    "version": "0.1.0",
    "name": "UDSPlusDiagnosis"
  },
  {
    "id": "uds-plus-notify-manifest",
    "type": "StructureDefinition",
    "url": "http://hl7.org/fhir/us/uds-plus/StructureDefinition/uds-plus-notify-manifest",
    "version": "0.1.0",
    "name": "UDSPlusNotifyManifest"
  },
  {
    "id": "uds-plus-patient",
    "type": "StructureDefinition",
    "url": "http://hl7.org/fhir/us/uds-plus/StructureDefinition/uds-plus-patient",
    "version": "0.1.0",
    "name": "UDSPlusPatient"
  },
  {
    "id": "udsplus",
    "type": "ImplementationGuide",
    "url": "http://hrsa.gov/fhir/us/udsplus/ImplementationGuide/udsplus",
    "version": "0.1.0",
    "name": "UdsPlusFhirIg"
  },
  {
    "id": "myObservation",
    "type": "StructureDefinition",
    "url": "http://hrsa.gov/fhir/us/udsplus/StructureDefinition/myObservation",
    "version": "0.1.0",
    "name": "MyObservation"
  }
]