{
  "resourceType" : "CapabilityStatement",
  "id" : "uds-plus-data-source",
  "text" : {
    "status" : "generated",
    "div" : "<div xmlns=\"http://www.w3.org/1999/xhtml\">\n      <h2>Data Source (e.g, EHR)</h2>\n      <p>(Requirements Definition Capability Statement)</p>\n      <p>Canonical URL: http://hl7.org/fhir/us/uds-plus/CapabilityStatement/uds-plus-data-source</p>\n      <p>Published by: <b>HL7 International - Public Health Work Group</b>\n      </p>\n      <p>This is a CapabilityStatement that defines the expected capabilities of the Data Source actor.  \n      </p>\n      <h2>General</h2>\n      <div class=\"table-wrapper\">\n        <table>\n          <tbody>\n            <tr>\n              <th>FHIR Version:</th>\n              <td>4.0.1</td>\n            </tr>\n            <tr>\n              <th>Supported formats:</th>\n              <td>json</td>\n            </tr>\n          </tbody>\n        </table>\n      </div>\n      <h2>REST  behavior</h2>\n      <p>The primary focus of the Data Source is to identify the population of patients whose data needs to be reported to UDS+ program, and allow the export of UDS+ data using US Core, QI Core and UDS+ profiles and US Core APIs.\n      </p>\n      <p>\n        <b>Security:</b>\n      </p>\n      <p>Implementations must meet the general security requirements documented in FHIR <a href=\"http://hl7.org/fhir/security.html\">Security guidance</a>.</p>\n      <p>In addition the Data Source actor needs to meet the security requirements as outlined in the <a href=\"spec.html#smart-on-fhir-backend-services-authorization\">SMART on FHIR Backend Services Authorization</a></p>\n      <h3>Resource summary</h3>\n      <div class=\"table-wrapper\">\n        <table class=\"grid\">\n          <thead>\n            <tr>\n              <th>Resource</th>\n              <th>Search</th>\n              <th>Read</th>\n              <th>Read Version</th>\n              <th>Instance History</th>\n              <th>Resource History</th>\n              <th>Create</th>\n              <th>Update</th>\n              <th>Delete</th>\n            </tr>\n          </thead>\n          <tbody>\n            <tr>\n              <th>US Core data APIs and Data elements</th>\n              <td>\n                <a href=\"#USCore-search-type\" title=\"Allows search of a specific US Core Resource instances.\">SHALL</a>\n              </td>\n              <td>\n                <a href=\"#USCore-read\" title=\"Allows retrieval of a specific US Core Resource instances.\">SHALL</a>\n              </td>\n              <td>\n              </td>\n              <td>               \n              </td>\n              <td>\n              </td>\n              <td>\n              </td>\n              <td>\n              </td>\n\t\t\t  <td>\n              </td>\n            </tr>\n            <tr>\n              <th>QI Core data APIs and Data elements</th>\n              <td>\n                <a href=\"#QICore-search-type\" title=\"Allows search of a specific QI Core Resource instances.\">SHALL</a>\n              </td>\n              <td>\n                <a href=\"#QICore-read\" title=\"Allows retrieval of a specific QI Core Resource instances.\">SHALL</a>\n              </td>\n              <td>\n              </td>\n              <td>               \n              </td>\n              <td>\n              </td>\n              <td>\n              </td>\n              <td>\n              </td>\n\t\t\t  <td>\n              </td>\n            </tr>\n            \n          </tbody>\n        </table>\n      </div>\n     \n        <h3>FHIR Operations summary</h3>\n        <p>The following FHIR operations SHALL be supported by the Data Source.</p>\n      \n      <ul>\n        <li>\n          <a href=\"http://hl7.org/fhir/uv/bulkdata/OperationDefinition-group-export.html\">Bulk Data Export ([BaseURL]/Group/[Id]/$export)</a>\n        </li>\n      </ul>\n      <br/>\n      <br/>\n      \n      <h3>\n        <a href=\"https://www.hl7.org/fhir/us/core/index.html\">US Core APIs and data elements</a>\n      </h3>\n      <p>Profiles: All US Core profiles\n      </p>\n      <h4>Interactions</h4>\n      <div class=\"table-wrapper\">\n        <table class=\"list\">\n          <thead>\n            <tr>\n              <th>Name</th>\n              <th>Description</th>\n            </tr>\n          </thead>\n          <tbody>\n            <tr>\n              <th>\n                <a name=\"USCore-search-type\"> </a>\n                <span>search</span>\n              </th>\n              <td>\n                <p>Allows searching of specific US Core resource profile instances.</p>\n              </td>\n            </tr>\n            <tr>\n              <th>\n                <a name=\"USCore-read\"> </a>\n                <span>read</span>\n              </th>\n              <td>\n                <p>Allows retrieval of specific US Core resource profile instances</p>\n              </td>\n            </tr> \n          </tbody>\n        </table>\n      </div>\n      <br/>\n      <br/> \n      \n      <h3>\n        <a href=\"https://www.hl7.org/fhir/us/qicore/index.html\">QI Core data elements</a>\n      </h3>\n      <p>Profiles: All QI Core profiles\n      </p>\n      <h4>Interactions</h4>\n      <div class=\"table-wrapper\">\n        <table class=\"list\">\n          <thead>\n            <tr>\n              <th>Name</th>\n              <th>Description</th>\n            </tr>\n          </thead>\n          <tbody>\n            <tr>\n              <th>\n                <a name=\"QICore-search-type\"> </a>\n                <span>search</span>\n              </th>\n              <td>\n                <p>Allows searching of specific QI Core resource profile instances.</p>\n              </td>\n            </tr>\n            <tr>\n              <th>\n                <a name=\"QICore-read\"> </a>\n                <span>read</span>\n              </th>\n              <td>\n                <p>Allows retrieval of specific QI Core resource profile instances</p>\n              </td>\n            </tr> \n          </tbody>\n        </table>\n      </div>    \n    </div>"
  },
  "url" : "http://hl7.org/fhir/us/uds-plus/CapabilityStatement/uds-plus-data-source",
  "version" : "0.2.0",
  "name" : "UdsPlusDataSource",
  "title" : "Uds Plus Data Source CapabilityStatement",
  "status" : "draft",
  "date" : "2020-12-06",
  "publisher" : "HRSA UDS PLS Project",
  "contact" : [{
    "telecom" : [{
      "system" : "url",
      "value" : "http://hl7.org/Special/committees/[something]"
    }]
  }],
  "description" : "This is a CapabilityStatement that defines the expected capabilities of the Data Source actor.",
  "jurisdiction" : [{
    "coding" : [{
      "system" : "http://unstats.un.org/unsd/methods/m49/m49.htm",
      "code" : "001"
    }]
  }],
  "kind" : "requirements",
  "fhirVersion" : "4.0.1",
  "format" : ["json"],
  "rest" : [{
    "mode" : "server",
    "documentation" : "The primary focus of the Data Source is to identify the population of patients whose data needs to be reported to UDS+ program, and allow the export of UDS+ data using US Core, QI Core and UDS+ profiles and US Core APIs.",
    "security" : {
      "description" : "Implementations must meet the general security requirements documented in the security section of the implementation guide."
    },
    "operation" : [{
      "name" : "export",
      "definition" : "http://hl7.org/fhir/uv/bulkdata/OperationDefinition/group-export"
    }]
  }]
}