<?xml version="1.0" encoding="UTF-8"?>

<CapabilityStatement xmlns="http://hl7.org/fhir">
  <id value="uds-plus-data-receiver-server"/>
  <text>
    <status value="generated"/><div xmlns="http://www.w3.org/1999/xhtml">
      <h2>Data Receiver</h2>
      <p>(Requirements Definition Capability Statement)</p>
      <p>Canonical URL: http://hl7.org/fhir/us/uds-plus/CapabilityStatement/uds-plus-data-receiver-server</p>
      <p>Published by: <b>HL7 International - Public Health Work Group</b>
      </p>
      <p>This is a CapabilityStatement that defines the expected capabilities of the Data Receiver Server actor.  
      </p>
      <h2>General</h2>
      <div class="table-wrapper">
        <table>
          <tbody>
            <tr>
              <th>FHIR Version:</th>
              <td>4.0.1</td>
            </tr>
            <tr>
              <th>Supported formats:</th>
              <td>json</td>
            </tr>
          </tbody>
        </table>
      </div>
      <h2>REST  behavior</h2>
      <p>The primary focus of the Data Receiver as a Server is to receive the notification manifest which contains the links to the UDS+ data that has 
      been extracted by the health center and is being made available to HRSA.
      </p>
      <p>
        <b>Security:</b>
      </p>
      <p>Implementations must meet the general security requirements documented in FHIR <a href="http://hl7.org/fhir/security.html">Security guidance</a>.</p>
      <p>In addition the Data Receiver actor needs to meet the security requirements as outlined in the <a href="spec.html#smart-on-fhir-backend-services-authorization">SMART on FHIR Backend Services Authorization</a></p>
     
        <h3>FHIR Operations summary</h3>
        <p>The following FHIR operations SHALL be supported by the Data Source.</p>
      
      <ul>
        <li>
          <a href="OperationDefinition-import.html">UDS+ Import Operation</a>
        </li>
      </ul>
      <br/>
      <br/> 
    </div>
  </text>
  <url value="http://hl7.org/fhir/us/uds-plus/CapabilityStatement/uds-plus-data-receiver-server"/>
  <version value="0.1.0"/>
  <name value="UdsPlusDataReceiverServer"/>
  <title value="Uds Plus Data Receiver CapabilityStatement"/>
  <status value="draft"/>
  <date value="2020-12-06"/>
  <publisher value="HRSA UDS PLS Project"/>
  <contact>
    <telecom>
      <system value="url"/>
      <value value="http://hl7.org/Special/committees/[something]"/>
    </telecom>
  </contact>
  <description value="This is a CapabilityStatement that defines the expected capabilities of the Data Receiver actor as a Server."/>
  <jurisdiction>
    <coding>
      <system value="http://unstats.un.org/unsd/methods/m49/m49.htm"/>
      <code value="001"/>
    </coding>
  </jurisdiction>
  <kind value="requirements"/>
  <fhirVersion value="4.0.1"/>
  <format value="json"/>
  <rest>
    <mode value="server"/>
    <documentation value="The primary focus of the Data Receiver as a Server is to receive the notification manifest which contains the links to the UDS+ data that has        been extracted by the health center and is being made available to HRSA."/>
    <security>
      <description value="Implementations must meet the general security requirements documented in the security section of the implementation guide."/>
    </security>
    <operation>
      <name value="import"/>
      <definition value="http://hl7.org/fhir/us/uds-plus/OperationDefinition/import"/>
    </operation>
  </rest>
</CapabilityStatement>