<?xml version="1.0" encoding="UTF-8"?>

<!--  

test comment for display

 -->
<Observation xmlns="http://hl7.org/fhir">
  <id value="example"/>
  <meta>
    <profile value="http://hrsa.gov/fhir/us/udsplus/StructureDefinition/myObservation"/>
  </meta>
  <text>
    <status value="generated"/><div xmlns="http://www.w3.org/1999/xhtml"><p><b>Generated Narrative</b></p><div style="display: inline-block; background-color: #d9e0e7; padding: 6px; margin: 4px; border: 1px solid #8da1b4; border-radius: 5px; line-height: 60%"><p style="margin-bottom: 0px">Resource "example" </p><p style="margin-bottom: 0px">Profile: <a href="StructureDefinition-myObservation.html">My Observation Profile</a></p></div><p><b>status</b>: final</p><p><b>code</b>: CS1 <span style="background: LightGoldenRodYellow; margin: 4px; border: 1px solid khaki"> (cs-fake#01; cs-fake#01 "CS2"; cs-fake#01 "VS1"; <a href="https://loinc.org/">LOINC</a>#85354-9; cs-fake#01 "VS2")</span></p><blockquote><p><b>component</b></p><p><b>code</b>: Systolic blood pressure <span style="background: LightGoldenRodYellow; margin: 4px; border: 1px solid khaki"> (<a href="https://loinc.org/">LOINC</a>#8480-6)</span></p><p><b>value</b>: 1 mm[Hg]<span style="background: LightGoldenRodYellow"> (Details: UCUM code mm[Hg] = 'mm[Hg]')</span></p></blockquote><blockquote><p><b>component</b></p><p><b>code</b>: Diastolic blood pressure <span style="background: LightGoldenRodYellow; margin: 4px; border: 1px solid khaki"> (<a href="https://loinc.org/">LOINC</a>#8462-4)</span></p><p><b>value</b>: 1 mm[Hg]<span style="background: LightGoldenRodYellow"> (Details: UCUM code mm[Hg] = 'mm[Hg]')</span></p></blockquote></div>
  </text>
  <status value="final"/>
  <code>
    <coding>
      <system value="http://hrsa.gov/fhir/us/udsplus/CodeSystem/cs-fake"/>
      <code value="01"/>
      <display value="CS1"/>
    </coding>
    <coding>
      <system value="http://hrsa.gov/fhir/us/udsplus/CodeSystem/cs-fake"/>
      <code value="01"/>
      <display value="CS2"/>
    </coding>
    <coding>
      <system value="http://hrsa.gov/fhir/us/udsplus/CodeSystem/cs-fake"/>
      <code value="01"/>
      <display value="VS1"/>
    </coding>
    <coding>
      <system value="http://loinc.org"/>
      <code value="85354-9"/>
    </coding>
    <coding>
      <system value="http://hrsa.gov/fhir/us/udsplus/CodeSystem/cs-fake"/>
      <code value="01"/>
      <display value="VS2"/>
    </coding>
  </code>
  <component>
    <code>
      <coding>
        <system value="http://loinc.org"/>
        <code value="8480-6"/>
      </coding>
    </code>
    <valueQuantity>
      <value value="1"/>
      <system value="http://unitsofmeasure.org"/>
      <code value="mm[Hg]"/>
    </valueQuantity>
  </component>
  <component>
    <code>
      <coding>
        <system value="http://loinc.org"/>
        <code value="8462-4"/>
      </coding>
    </code>
    <valueQuantity>
      <value value="1"/>
      <system value="http://unitsofmeasure.org"/>
      <code value="mm[Hg]"/>
    </valueQuantity>
  </component>
</Observation>