{
  "package": "fhir.us.udsplus",
  "version": "0.2.0",
  "fhirVersion": "4.0.1",
  "jurisdiction": "001",
  "extensions": [
    {
      "url": "http://hl7.org/fhir/us/uds-plus/StructureDefinition/uds-plus-age-extension",
      "title": "UDS Plus Age Extension",
      "types": [
        "Quantity"
      ]
    },
    {
      "url": "http://hl7.org/fhir/us/uds-plus/StructureDefinition/uds-plus-agriculture-worker-status-extension",
      "title": "UDS Plus Agriculture Worker Status Extension",
      "types": [
        "CodeableConcept"
      ]
    },
    {
      "url": "http://hl7.org/fhir/us/uds-plus/StructureDefinition/uds-plus-housing-status-extension",
      "title": "UDS Plus Housing Status Extension",
      "types": [
        "CodeableConcept"
      ]
    },
    {
      "url": "http://hl7.org/fhir/us/uds-plus/StructureDefinition/udsplus-agriculture-worker-status",
      "title": "UDS Plus Worker Agriculture Worker Status Extension",
      "types": [
        "code"
      ]
    }
  ],
  "profiles": {
    "Patient": [
      {
        "url": "http://hl7.org/fhir/us/uds-plus/StructureDefinition/de-identified-uds-plus-patient",
        "title": "De-Identified UDS Plus Patient"
      }
    ],
    "Coverage": [
      {
        "url": "http://hl7.org/fhir/us/uds-plus/StructureDefinition/uds-plus-coverage",
        "title": "UDS Plus Coverage"
      }
    ],
    "Parameters": [
      {
        "url": "http://hl7.org/fhir/us/uds-plus/StructureDefinition/uds-plus-import-manifest",
        "title": "UDS Plus Import Manifest"
      }
    ],
    "Condition": [
      {
        "url": "http://hl7.org/fhir/us/uds-plus/StructureDefinition/uds-plus-diagnosis",
        "title": "De-Identified UDS Plus Diagnosis"
      }
    ],
    "Encounter": [
      {
        "url": "http://hl7.org/fhir/us/uds-plus/StructureDefinition/uds-plus-encounter",
        "title": "De-Identified UDS Plus Encounter"
      }
    ],
    "Observation": [
      {
        "url": "http://hl7.org/fhir/us/uds-plus/StructureDefinition/uds-plus-sexual-orientation-observation",
        "title": "De-Identified UDS Plus Sexual Orientation"
      }
    ],
    "Procedure": [
      {
        "url": "http://hl7.org/fhir/us/uds-plus/StructureDefinition/uds-plus-procedure",
        "title": "De-Identified UDS Plus Procedure"
      }
    ]
  },
  "usage": {
    "http://hl7.org/fhir/StructureDefinition/condition-assertedDate": [
      "Condition"
    ],
    "http://hl7.org/fhir/StructureDefinition/elementdefinition-bestpractice": [
      "StructureDefinition.snapshot.element.constraint"
    ],
    "http://hl7.org/fhir/StructureDefinition/elementdefinition-bestpractice-explanation": [
      "StructureDefinition.snapshot.element.constraint"
    ],
    "http://hl7.org/fhir/StructureDefinition/elementdefinition-bindingName": [
      "StructureDefinition.snapshot.element.binding"
    ],
    "http://hl7.org/fhir/StructureDefinition/elementdefinition-isCommonBinding": [
      "StructureDefinition.snapshot.element.binding"
    ],
    "http://hl7.org/fhir/StructureDefinition/elementdefinition-maxValueSet": [
      "StructureDefinition.snapshot.element.binding"
    ],
    "http://hl7.org/fhir/StructureDefinition/elementdefinition-type-must-support": [
      "StructureDefinition.snapshot.element.type"
    ],
    "http://hl7.org/fhir/StructureDefinition/structuredefinition-display-hint": [
      "StructureDefinition.snapshot.element"
    ],
    "http://hl7.org/fhir/StructureDefinition/structuredefinition-explicit-type-name": [
      "StructureDefinition.snapshot.element"
    ],
    "http://hl7.org/fhir/StructureDefinition/structuredefinition-fhir-type": [
      "StructureDefinition.snapshot.element.type"
    ],
    "http://hl7.org/fhir/StructureDefinition/structuredefinition-fmm": [
      "ImplementationGuide",
      "ImplementationGuide.definition.page.page",
      "OperationDefinition",
      "StructureDefinition"
    ],
    "http://hl7.org/fhir/StructureDefinition/structuredefinition-hierarchy": [
      "StructureDefinition.snapshot.element.type"
    ],
    "http://hl7.org/fhir/StructureDefinition/structuredefinition-standards-status": [
      "CodeSystem",
      "ImplementationGuide",
      "ImplementationGuide.definition.page",
      "ImplementationGuide.definition.page.page",
      "OperationDefinition",
      "StructureDefinition",
      "StructureDefinition.snapshot.element"
    ],
    "http://hl7.org/fhir/tools/StructureDefinition/ig-page-name": [
      "ImplementationGuide.definition.page",
      "ImplementationGuide.definition.page.page"
    ],
    "http://hl7.org/fhir/tools/StructureDefinition/ig-parameter": [
      "ImplementationGuide.definition"
    ],
    "http://hl7.org/fhir/tools/StructureDefinition/implementationguide-dependency-comment": [
      "ImplementationGuide.dependsOn"
    ],
    "http://hl7.org/fhir/tools/StructureDefinition/resource-information": [
      "ImplementationGuide.definition.resource"
    ],
    "http://hl7.org/fhir/us/core/StructureDefinition/us-core-birthsex": [
      "Patient"
    ],
    "http://hl7.org/fhir/us/core/StructureDefinition/us-core-ethnicity": [
      "Patient"
    ],
    "http://hl7.org/fhir/us/core/StructureDefinition/us-core-genderIdentity": [
      "Patient"
    ],
    "http://hl7.org/fhir/us/core/StructureDefinition/us-core-race": [
      "Patient"
    ],
    "http://hl7.org/fhir/us/uds-plus/StructureDefinition/uds-plus-age-extension": [
      "Encounter",
      "Patient"
    ]
  }
}