{
  "package": "fhir.us.udsplus",
  "version": "0.1.0",
  "fhirVersion": "4.0.1",
  "jurisdiction": "001",
  "extensions": [],
  "profiles": {
    "Coverage": [
      {
        "url": "http://hl7.org/fhir/us/uds-plus/StructureDefinition/uds-plus-coverage",
        "title": "UDS Plus Coverage"
      }
    ],
    "Condition": [
      {
        "url": "http://hl7.org/fhir/us/uds-plus/StructureDefinition/uds-plus-diagnosis",
        "title": "UDS Plus Diagnosis"
      }
    ],
    "Parameters": [
      {
        "url": "http://hl7.org/fhir/us/uds-plus/StructureDefinition/uds-plus-import-manifest",
        "title": "UDS Plus Import Manifest"
      }
    ],
    "Patient": [
      {
        "url": "http://hl7.org/fhir/us/uds-plus/StructureDefinition/uds-plus-patient",
        "title": "UDS Plus Patient"
      }
    ]
  },
  "usage": {
    "http://hl7.org/fhir/StructureDefinition/elementdefinition-bestpractice": [
      "StructureDefinition.snapshot.element.constraint"
    ],
    "http://hl7.org/fhir/StructureDefinition/elementdefinition-bestpractice-explanation": [
      "StructureDefinition.snapshot.element.constraint"
    ],
    "http://hl7.org/fhir/StructureDefinition/elementdefinition-bindingName": [
      "StructureDefinition.snapshot.element.binding"
    ],
    "http://hl7.org/fhir/StructureDefinition/elementdefinition-isCommonBinding": [
      "StructureDefinition.snapshot.element.binding"
    ],
    "http://hl7.org/fhir/StructureDefinition/elementdefinition-maxValueSet": [
      "StructureDefinition.snapshot.element.binding"
    ],
    "http://hl7.org/fhir/StructureDefinition/structuredefinition-explicit-type-name": [
      "StructureDefinition.snapshot.element"
    ],
    "http://hl7.org/fhir/StructureDefinition/structuredefinition-fhir-type": [
      "StructureDefinition.snapshot.element.type"
    ],
    "http://hl7.org/fhir/StructureDefinition/structuredefinition-fmm": [
      "ImplementationGuide",
      "ImplementationGuide.definition.page.page",
      "OperationDefinition",
      "StructureDefinition"
    ],
    "http://hl7.org/fhir/StructureDefinition/structuredefinition-hierarchy": [
      "StructureDefinition.snapshot.element.type"
    ],
    "http://hl7.org/fhir/StructureDefinition/structuredefinition-standards-status": [
      "ImplementationGuide",
      "ImplementationGuide.definition.page",
      "ImplementationGuide.definition.page.page",
      "OperationDefinition",
      "StructureDefinition"
    ],
    "http://hl7.org/fhir/tools/StructureDefinition/ig-page-name": [
      "ImplementationGuide.definition.page",
      "ImplementationGuide.definition.page.page"
    ],
    "http://hl7.org/fhir/tools/StructureDefinition/ig-parameter": [
      "ImplementationGuide.definition"
    ],
    "http://hl7.org/fhir/tools/StructureDefinition/resource-information": [
      "ImplementationGuide.definition.resource"
    ],
    "http://hl7.org/fhir/us/core/StructureDefinition/us-core-birthsex": [
      "Patient"
    ],
    "http://hl7.org/fhir/us/core/StructureDefinition/us-core-ethnicity": [
      "Patient"
    ],
    "http://hl7.org/fhir/us/core/StructureDefinition/us-core-genderIdentity": [
      "Patient"
    ],
    "http://hl7.org/fhir/us/core/StructureDefinition/us-core-race": [
      "Patient"
    ]
  }
}